Transaction Hash,Status,Method,BlockNo,DateTime (UTC),From,From_Nametag,To,To_Nametag,Amount,Value (USD),Token
"0x9fa1c9dd7e405c110442f078c250fd1c1a3665950c64984c4fb6761f1414ad30","Success","0x181a8b99","47594507","2025-03-19 06:19:55","0x55dfed7e4498eb96d705a7c80573b025507f46b2","","0x426603bac5e0ea73fd13aecad7a80c9f963f6eac","","6,756.83009472","$0.00","BEP-20: BANANA MASCOT(APE)"
"0x9fa1c9dd7e405c110442f078c250fd1c1a3665950c64984c4fb6761f1414ad30","Success","0x181a8b99","47594507","2025-03-19 06:19:55","0x55dfed7e4498eb96d705a7c80573b025507f46b2","","0xe93c196b05c13763ffae7f72642dc4de4298bc30","","1,905.77259082","$0.00","BEP-20: BANANA MASCOT(APE)"
"0xd8554a3d2ee7f462ef655bf9327ebe1cc467f9c921c793cd13dba5faaa9037ed","Success","0x04b2af49","47594507","2025-03-19 06:19:55","0xb2af49dbf526054faf19602860a5e298a79f3d05","","0x92fc7783bd73b39a90fd4d457926783752d4ae6b","","704.45293136","$0.00","BEP-20: SIREN(SIREN)"
"0x5cf58d575e937cd1a257552bc3f90452eb29c59a75a957dae45390fd8917473d","Success","0xbc73ddf0","47594507","2025-03-19 06:19:55","0xe3971b492a9ce4bd8d396cf2d5319f8c7cdf79e1","","0xaeb563da201b5ce8d84054552c9cd043ea4d044b","","5,867.52567664","$0.00","BEP-20: Build forward(BF)"
"0x5cf58d575e937cd1a257552bc3f90452eb29c59a75a957dae45390fd8917473d","Success","0xbc73ddf0","47594507","2025-03-19 06:19:55","0x85002165df8d61333a09d44ee7def762b13b20a3","","0xe3971b492a9ce4bd8d396cf2d5319f8c7cdf79e1","","5,867.52567664","$0.00","BEP-20: Build forward(BF)"
"0xd0203dde8b4350d74536dcc18d3c3e11bd281e37816899569d1203dd287e47a0","Success","Transfer","47594507","2025-03-19 06:19:55","0x8894e0a0c962cb723c1976a4421c95949be2d4e3","Binance: Hot Wallet 6","0x56d8c6c75e36013c364369962a7fa9e16e85f5a1","","20.7081992","$20.71","Binance-Peg BSC-USD(BSC-USD)"
"0xff71c776a47ed52f3f9a26b4ad9715d701fa36ceb243529d1b164c7c48bd0457","Success","Swap Exact Tokens For Tokens Supporting Fee On Transfer Tokens","47594507","2025-03-19 06:19:55","0xb4e1d24e116e2af1e29a0d89ceffdf6d5f3c10e0","PancakeSwap V2: DD0-BSC-USD","0x1ae9361e6e32376e43b6574cddcd43b6ff64fefb","","40.36592311","$40.36","Binance-Peg BSC-USD(BSC-USD)"
"0xff71c776a47ed52f3f9a26b4ad9715d701fa36ceb243529d1b164c7c48bd0457","Success","Swap Exact Tokens For Tokens Supporting Fee On Transfer Tokens","47594507","2025-03-19 06:19:55","0x1ae9361e6e32376e43b6574cddcd43b6ff64fefb","","0xb4e1d24e116e2af1e29a0d89ceffdf6d5f3c10e0","PancakeSwap V2: DD0-BSC-USD","10.2724046","$0.00","BEP-20: DD0(DD0)"
"0xff71c776a47ed52f3f9a26b4ad9715d701fa36ceb243529d1b164c7c48bd0457","Success","Swap Exact Tokens For Tokens Supporting Fee On Transfer Tokens","47594507","2025-03-19 06:19:55","0x1ae9361e6e32376e43b6574cddcd43b6ff64fefb","","0xd6b6cd623442e37306ce5102c076d3500e0a29bd","","0.31770323","$0.00","BEP-20: DD0(DD0)"
"0xe51b4fe8c269219669bbb3a37ffe996af967ed988f431bf97efe68d4920de6bd","Success","Transfer","47594507","2025-03-19 06:19:55","0x616c3e58bd0dbb5fe85c6a2347e4d4ced743783d","","0xf998ec9424d9128d6db819f07ab81d813d41804a","","2,112.7261325","$2,112.50","Binance-Peg BSC-USD(BSC-USD)"
"0x83a937114e36b60061d90ea5a8faf95caf41b479fc85c5bfa04a240df26a437a","Success","Transfer","47594507","2025-03-19 06:19:55","0xbe00edbcecbca831a6322fab40eb0a898c1142d1","","0x4a3b3aee743a912fac0571a2f59e3d2e88646dcd","","22,302.75","$0.00","BEP-20: RUNS(RUNS)"
"0x13d0f3e4e4f8a8e19a99769b7e7982d28bdd11f5a1e47ac532b60492feb3407d","Success","Execute","47594507","2025-03-19 06:19:55","0x1a0a18ac4becddbd6389559687d1a73d8927e416","PancakeSwap: Universal Router","0x62edaf2a56c9fb55be5f9b1399ac067f6a37013b","","0.00006629","$5.51","Binance-Peg BTCB Token(BTCB)"
"0x13d0f3e4e4f8a8e19a99769b7e7982d28bdd11f5a1e47ac532b60492feb3407d","Success","Execute","47594507","2025-03-19 06:19:55","0x082770325edf82a13e0487e7fcde3aa507391d1a","PancakeSwap V2: LTRBT-BTCB","0x1a0a18ac4becddbd6389559687d1a73d8927e416","PancakeSwap: Universal Router","0.00006629","$5.51","Binance-Peg BTCB Token(BTCB)"
"0x13d0f3e4e4f8a8e19a99769b7e7982d28bdd11f5a1e47ac532b60492feb3407d","Success","Execute","47594507","2025-03-19 06:19:55","0xfb62e7ab9e1dfd4303eaa7731502209218571487","","0x082770325edf82a13e0487e7fcde3aa507391d1a","PancakeSwap V2: LTRBT-BTCB","22,180,568,067.81280679","$5.56","Little Rabbit(LTRBT)"
"0x13d0f3e4e4f8a8e19a99769b7e7982d28bdd11f5a1e47ac532b60492feb3407d","Success","Execute","47594507","2025-03-19 06:19:55","0x1a0a18ac4becddbd6389559687d1a73d8927e416","PancakeSwap: Universal Router","0x62fcb3c1794fb95bd8b1a97f6ad5d8a7e4943a1e","","0.00287996","$5.58","Binance-Peg Ethereum Token(ETH)"
"0x13d0f3e4e4f8a8e19a99769b7e7982d28bdd11f5a1e47ac532b60492feb3407d","Success","Execute","47594507","2025-03-19 06:19:55","0xfff319cd1a4be686aa675b8a61962ae9f7e93b51","PancakeSwap V2: ETH-LTRBT","0x1a0a18ac4becddbd6389559687d1a73d8927e416","PancakeSwap: Universal Router","0.00287996","$5.58","Binance-Peg Ethereum Token(ETH)"
"0x13d0f3e4e4f8a8e19a99769b7e7982d28bdd11f5a1e47ac532b60492feb3407d","Success","Execute","47594507","2025-03-19 06:19:55","0xfb62e7ab9e1dfd4303eaa7731502209218571487","","0xfff319cd1a4be686aa675b8a61962ae9f7e93b51","PancakeSwap V2: ETH-LTRBT","22,180,568,067.81280679","$5.56","Little Rabbit(LTRBT)"
"0x6de1bcd68a1824c918439bc1f574e79d63f97f8a0a1c6f20d0b7db036d001c56","Success","Transfer","47594507","2025-03-19 06:19:55","0xa8b4f263de685c516fa30227205d044c751e85a7","","0x76ccb5d5e8161ae5c730b1b4121a3d1b601f9bae","","10.09771773","$10.10","Binance-Peg BSC-USD(BSC-USD)"
"0x037834d0386f30f9f6b28823e50a35e843f06735887abc863351c11f6b69695b","Success","Burn Token","47594507","2025-03-19 06:19:55","0x198817c89c1aaa2fd6fc0484b492bd47fee83bef","","0x0000000000000000000000000000000000000000","Null: 0x000...000","0.33786984","$0.00","BEP-20: Tcash(Tcash)"
"0xece290f98c0c3e46bb8940120d36c75155fc65724d9db60cc4fd5727b7ffda9c","Success","0x26c3f305","47594507","2025-03-19 06:19:55","0x0000000000000000000000000000000000000000","Null: 0x000...000","0x1bcf078ae90e48f9bf3a41359e6b8bb97f4fba04","","0.33786984","$0.00","BEP-20: Tcash(Tcash)"
"0xef20c37be8d60478e7e210a56a67c45b87ce68dc49a75b4ae2b1b0cd083cdc64","Success","Swap Exact Tokens For Tokens","47594507","2025-03-19 06:19:55","0xd84dc3dc3dbc20a35e2db1986c9ffde00d6ea13e","PancakeSwap V2: BSC-USD-YZY 19","0x70450d21a0a565fc153f9a45af844cabd7936de1","","114,743.73626981","$0.00","BEP-20: YZY(YZY)"
"0xef20c37be8d60478e7e210a56a67c45b87ce68dc49a75b4ae2b1b0cd083cdc64","Success","Swap Exact Tokens For Tokens","47594507","2025-03-19 06:19:55","0x70450d21a0a565fc153f9a45af844cabd7936de1","","0xd84dc3dc3dbc20a35e2db1986c9ffde00d6ea13e","PancakeSwap V2: BSC-USD-YZY 19","8.51","$8.51","Binance-Peg BSC-USD(BSC-USD)"
"0x9687310fbbd05d3ca4cc592ec68c725697beb9acc2d551b4cc54f1d401a6fd90","Success","Transfer","47594507","2025-03-19 06:19:55","0xdabeb55be1ec20f12f1315c9e005e0c1c9b674d7","","0x81ee31a45120634b26938300a00177dbedbcae63","","2.45","$2.45","Binance-Peg BSC-USD(BSC-USD)"
"0xe48a34b63034422329e90ab5d2bdb9b0bf5f79af30b7d87ffb0258e25adea7c7","Success","Direct Release","47594507","2025-03-19 06:19:55","0x25ab3efd52e6470681ce037cd546dc60726948d3","","0x666d6b8a44d226150ca9058beebafe0e3ac065a2","","0.49971","$41,550.04","Binance-Peg BTCB Token(BTCB)"
"0xfdabff18a7b0cb72d28b4f291678ac7f5abbac889b4a362638564b59044d0c49","Success","Withdraw","47594507","2025-03-19 06:19:55","0xc92962f4c20ce9dd3181042074f3c5776a3e22dd","","0xc8f4a624f2d8380852fe6cd1cfc4a997572c51d9","","662.83482142","$0.00","BEP-20: DDL(DDL)"
"0x358773742e798bcf197637ecc6a48045fa5a7cd222ed3305d3c1091c08e1e5be","Success","Transfer From","47594507","2025-03-19 06:19:55","0x48173121ba23d3ffd936be1ea4eee6f193a238cc","","0xa613c54c5781ec9f08e83d208de93618cff01f39","","0.4536","$0.00","BEP-20: HFH(HFH)"
"0x0045cf4055ed04775663938fab449ee8adbde355976c521f932c5ed1a77d8ec8","Success","Transfer","47594507","2025-03-19 06:19:55","0xbe00edbcecbca831a6322fab40eb0a898c1142d1","","0x9f68525d451dafe6c0cc6af9d20978e505daf631","","300","$0.00","BEP-20: RUNS(RUNS)"
"0xb739d1f3fe620e3770efb4c89b308860d916f82890c85e22e2ffa7dceba52c37","Success","Transfer","47594507","2025-03-19 06:19:55","0xd8695d191fb9d41dd11696feab046ff4bf4a6ea5","","0xb4f7d71c920913240fdf7a39adf90ac22cd7b73f","","100","$99.99","Binance-Peg BSC-USD(BSC-USD)"
"0x66053f326e63df44d90f267c5dffcbd41eca3ce20be4d65855b8f5d962f85aea","Success","Swap Exact ETH For Tokens","47594507","2025-03-19 06:19:55","0x7465858234db8ca7bdcadd0d655368c333a42768","","0x3c95028305652b1ae274e55f8106fe595c21d9eb","","3,171,314,868,070.531662...","$0.00","BEP-20: HOPE(HOPE)"
"0x30eaa90d12c4891a4db3f312ab248084be37045ee549e6dd05a44b12296a6140","Success","Transfer","47594507","2025-03-19 06:19:55","0xc319640e769da74e7d9add556b9d2e652b084bc4","","0xba797bac81064c49ebf011620cba18510e0de96d","","2","$2.00","Binance-Peg BSC-USD(BSC-USD)"
"0xff03788ac0a2d787b92ef3b972a34a6286e690a4e12d721463d58a438549faca","Success","Transfer","47594507","2025-03-19 06:19:55","0x1cec26ebf04d860934806094622fe3bdad5b0406","","0x1275288fa474dc6f653b36fe54b29653e4ab64ba","","3.7","$3.70","Binance-Peg BSC-USD(BSC-USD)"
"0x78c9118a93d362bd80a765e1ba3d3bdff741ac640225cbfff22fb00e8580a5ea","Success","Transfer","47594507","2025-03-19 06:19:55","0xeaed8f37fc515f865554b4908c695c53ec63bbcf","","0xf28c1804b3e7c1c42097eb9163daab2c820db226","","400","$67.40","Binance-Peg Dogecoin Token(DOGE)"
"0x38e4f4a0275e95692bf55b883be6090c61c3ac781f6568a43a106e5a526cf27c","Success","Transfer","47594507","2025-03-19 06:19:55","0xd7124e98bde43ebbc46fbdfd8df11cdb05962b28","","0xb4f7d71c920913240fdf7a39adf90ac22cd7b73f","","52","$51.99","Binance-Peg BSC-USD(BSC-USD)"
"0x76c015a09ce228dea9b7ad0955c7686a864e75583bf411f7fb8e6a36ea8b1763","Success","Transfer","47594507","2025-03-19 06:19:55","0x9a1154134a1687292e1f8a62240e528d344108e1","","0xfaae6ab696a143b4f76cfe34d06246073bc3ba5a","","9,928.4","$0.00","BEP-20: SMiC Z Series Contract 1(SMiC Z1)"
"0xbe9ff3fb85f02d76ef3efe137edeb63f2b397f1662ba204f7997a7bda45fd2cf","Success","Claimed","47594507","2025-03-19 06:19:55","0x0000000000000000000000000000000000000000","Null: 0x000...000","0xd733bba2bf87b0479a87f4584e9a14631b59504e","","10.125","$0.00","BEP-20: RKC(RKC)"
"0xbe9ff3fb85f02d76ef3efe137edeb63f2b397f1662ba204f7997a7bda45fd2cf","Success","Claimed","47594507","2025-03-19 06:19:55","0x0000000000000000000000000000000000000000","Null: 0x000...000","0x092a8391c6770326bf91432583ab9d3d78560b6f","","5.0625","$0.00","BEP-20: RKC(RKC)"
"0xbe9ff3fb85f02d76ef3efe137edeb63f2b397f1662ba204f7997a7bda45fd2cf","Success","Claimed","47594507","2025-03-19 06:19:55","0x0000000000000000000000000000000000000000","Null: 0x000...000","0xa2caca483a66ceab84a377da3f170da9252bfd56","","96.1875","$0.00","BEP-20: RKC(RKC)"
"0x358f19636f8b87e13712f5d3fdaaf9e645add373ef61d500c88ce05fd4de14e1","Success","Transfer","47594507","2025-03-19 06:19:55","0xab28fe26d1f5845c082a4542cc7eca666537ebe3","","0xb4f7d71c920913240fdf7a39adf90ac22cd7b73f","","220.29","$220.27","Binance-Peg BSC-USD(BSC-USD)"
"0x57b349d478ca26af321f29fbbf4da191d644530d1e47491db6001e4d733dfec7","Success","Transfer","47594507","2025-03-19 06:19:55","0x3b3358d32935280d6c72ccbae41f22ebb9d45ce6","","0xb4f7d71c920913240fdf7a39adf90ac22cd7b73f","","100","$99.99","Binance-Peg BSC-USD(BSC-USD)"
"0x2eeeb903a9af3239d37a97195cadc4effb2d49dc8c4c6310632c8a2636bb46f0","Success","Transfer","47594507","2025-03-19 06:19:55","0xbf1e73265be110e3f65fbef08a0ed27cde6e50fc","","0xb4f7d71c920913240fdf7a39adf90ac22cd7b73f","","50","$49.99","Binance-Peg BSC-USD(BSC-USD)"
"0x1309133c14cf7c281c31683c5a9ee8b27cad815d28695c8b1076514adbe2f67a","Success","Transfer","47594507","2025-03-19 06:19:55","0xb70f24087cb1973d51c76556952293253b4a6e9c","","0xb4f7d71c920913240fdf7a39adf90ac22cd7b73f","","100","$99.99","Binance-Peg BSC-USD(BSC-USD)"
"0xef04753b419a5d9b5a5cf27e0773ad36b5d656e25a29b25faa44b2b38315a9b7","Success","Permit Multicall","47594507","2025-03-19 06:19:55","0x4c6f446dd88fd1be8b80d2940806002777dc12a2","","0x8f45b99bf65cdbf9bc0c0b4846d6a324d2de5314","","8.68290376","$8.71","Binance-Peg BUSD Token(BUSD)"
"0xef04753b419a5d9b5a5cf27e0773ad36b5d656e25a29b25faa44b2b38315a9b7","Success","Permit Multicall","47594507","2025-03-19 06:19:55","0x169f653a54acd441ab34b73da9946e2c451787ef","","0x4c6f446dd88fd1be8b80d2940806002777dc12a2","","1.44742695","$1.45","Binance-Peg BUSD Token(BUSD)"
"0xef04753b419a5d9b5a5cf27e0773ad36b5d656e25a29b25faa44b2b38315a9b7","Success","Permit Multicall","47594507","2025-03-19 06:19:55","0x4c6f446dd88fd1be8b80d2940806002777dc12a2","","0x169f653a54acd441ab34b73da9946e2c451787ef","","1.45300499","$1.45","Binance-Peg BSC-USD(BSC-USD)"
"0xef04753b419a5d9b5a5cf27e0773ad36b5d656e25a29b25faa44b2b38315a9b7","Success","Permit Multicall","47594507","2025-03-19 06:19:55","0x28ec0b36f0819ecb5005cab836f4ed5a2eca4d13","Synapse: Stableswap Pools","0x4c6f446dd88fd1be8b80d2940806002777dc12a2","","7.23547681","$7.26","Binance-Peg BUSD Token(BUSD)"
"0xef04753b419a5d9b5a5cf27e0773ad36b5d656e25a29b25faa44b2b38315a9b7","Success","Permit Multicall","47594507","2025-03-19 06:19:55","0x4c6f446dd88fd1be8b80d2940806002777dc12a2","","0x28ec0b36f0819ecb5005cab836f4ed5a2eca4d13","Synapse: Stableswap Pools","7.2632817","$7.26","Binance-Peg BSC-USD(BSC-USD)"
"0xef04753b419a5d9b5a5cf27e0773ad36b5d656e25a29b25faa44b2b38315a9b7","Success","Permit Multicall","47594507","2025-03-19 06:19:55","0x4c6f446dd88fd1be8b80d2940806002777dc12a2","","0x7824d97d5ace99695e8b2ae3ea5f179b19135585","","0.00149876","$2.90","Binance-Peg Ethereum Token(ETH)"
"0xef04753b419a5d9b5a5cf27e0773ad36b5d656e25a29b25faa44b2b38315a9b7","Success","Permit Multicall","47594507","2025-03-19 06:19:55","0x4c6f446dd88fd1be8b80d2940806002777dc12a2","","0xb125aa15ad943d96e813e4a06d0c34716f897e26","","0.0044915","$8.71","Binance-Peg Ethereum Token(ETH)"
"0xef04753b419a5d9b5a5cf27e0773ad36b5d656e25a29b25faa44b2b38315a9b7","Success","Permit Multicall","47594507","2025-03-19 06:19:55","0xb125aa15ad943d96e813e4a06d0c34716f897e26","","0x4c6f446dd88fd1be8b80d2940806002777dc12a2","","8.71628669","$8.72","Binance-Peg BSC-USD(BSC-USD)"
"0xef04753b419a5d9b5a5cf27e0773ad36b5d656e25a29b25faa44b2b38315a9b7","Success","Permit Multicall","47594507","2025-03-19 06:19:55","0x4c6f446dd88fd1be8b80d2940806002777dc12a2","","0xd99c7f6c65857ac913a8f880a4cb84032ab2fc5b","","9.7045795","$9.70","Binance-Peg USD Coin(USDC)"