Transaction Hash,Status,Method,Blockno,DateTime (UTC),From,From_Nametag,To,To_Nametag,Amount,Value (USD),Txn Fee
"0x0ebcf2296fa5e6450353b1ec5bc25b92044d1a2892d2932188bf991801e4130e","Success","Transfer","47657914","2025-03-21 11:10:27","0x0d33cf20b0720FC92C74ec06647DbdFbf72EBE07","","0xB0999731f7c2581844658A9d2ced1be0077b7397","","0.01 BNB","$6.34","0.000021"
"0x45ec19e55246928829c1ee63134b25263e1b6f3785aa86f943713c5eb27b1a68","Success","Approve","47657913","2025-03-21 11:10:24","0x0d33cf20b0720FC92C74ec06647DbdFbf72EBE07","","0xaa98f8e9e515aA59a0F07984EEA6a491bdFaf97A","","0 BNB","$0.00","0.00004653"
"0xde3740979e1a2d92f298751db99a592a6d80db7f6f71a447f5e96c3a55529710","Success","Execute","47657912","2025-03-21 11:10:21","0x0d33cf20b0720FC92C74ec06647DbdFbf72EBE07","","0x013bb8a204499523ddF717e0aBAA14E6dC849060","","0.1 BNB","$63.39","0.00016647"
"0xfcf84474854235cc5d99f3f6dad8b5bec3193610aa182d646b6a9f357bf8aeb6","Success","Execute","47657885","2025-03-21 11:09:00","0x0d33cf20b0720FC92C74ec06647DbdFbf72EBE07","","0x013bb8a204499523ddF717e0aBAA14E6dC849060","","0 BNB","$0.00","0.0002032"
"0x23d6fd7e1d12a14e0edcb81e51652a11ddbf2b3e2a74c795fcc047fa7e83bc22","Success","Execute","47657873","2025-03-21 11:08:24","0x0d33cf20b0720FC92C74ec06647DbdFbf72EBE07","","0x013bb8a204499523ddF717e0aBAA14E6dC849060","","0.1 BNB","$63.39","0.0001537"
"0x94553d0474a84beba95ef07edec1fcd0b1721df5bf8beca3f0dc694fa361b7a8","Success","Execute","47657772","2025-03-21 11:03:21","0x0d33cf20b0720FC92C74ec06647DbdFbf72EBE07","","0x013bb8a204499523ddF717e0aBAA14E6dC849060","","0 BNB","$0.00","0.00020208"
"0x9e4c0692e7b7538c2fc95e3fd0877ec24c7c36be252c9d692c18852003332984","Success","Approve","47657762","2025-03-21 11:02:51","0x0d33cf20b0720FC92C74ec06647DbdFbf72EBE07","","0xCd87213F4AB7D39b1422DcD195e3dd52C9FB98a6","","0 BNB","$0.00","0.00004653"
"0x541e4ac5aefabfb5a312a30cffb687bd27ac6b0827415f16ab4ae3f293ef053b","Success","Execute","47657761","2025-03-21 11:02:48","0x0d33cf20b0720FC92C74ec06647DbdFbf72EBE07","","0x013bb8a204499523ddF717e0aBAA14E6dC849060","","0.1 BNB","$63.39","0.00016739"
"0x29543e54f72ca8720ad833502ada4dde64f42984bf16274d15ea1cc6748141e1","Success","0x0da74935","47657614","2025-03-21 10:55:27","0x0d33cf20b0720FC92C74ec06647DbdFbf72EBE07","","0x5c952063c7fc8610FFDB798152D69F0B9550762b","","0 BNB","$0.00","0.0001494"
"0x58f46474295bd3fa262f9965b6f0d0f95dcc71cd104286398300a40218a5e90b","Success","Approve","47657516","2025-03-21 10:50:33","0x0d33cf20b0720FC92C74ec06647DbdFbf72EBE07","","0xBf80A6Ac9FF6c4A7220D278F1a46Be54bB6285cb","","0 BNB","$0.00","0.00004653"
"0x6f60bb306de69032242bf465ef22571caafbdfaa814371b1a4201aad44fb2d67","Success","Execute","47657515","2025-03-21 10:50:30","0x0d33cf20b0720FC92C74ec06647DbdFbf72EBE07","","0x013bb8a204499523ddF717e0aBAA14E6dC849060","","0.1 BNB","$63.39","0.00016742"
"0xf5940ba999ac7b6ebad95bfbc3984c6e11e780f0f47a0393ac51441ba6ddb892","Success","Approve","47657477","2025-03-21 10:48:36","0x0d33cf20b0720FC92C74ec06647DbdFbf72EBE07","","0xE2047cefd04d1C84383eF8525260b65559c87c2d","","0 BNB","$0.00","0.00004659"
"0x8de9b545e9d1eb2e74473ddde3bc63754ea6b1a768edc690473eede8484d735c","Success","0xedf9e251","47657476","2025-03-21 10:48:33","0x0d33cf20b0720FC92C74ec06647DbdFbf72EBE07","","0x5c952063c7fc8610FFDB798152D69F0B9550762b","","0.1 BNB","$63.39","0.00018061"
"0xf9b14f4692c44a9d4a2815bb814d9500cb71c6dd6352aee8f2aaad7a0069c51b","Success","Execute","47657397","2025-03-21 10:44:36","0x0d33cf20b0720FC92C74ec06647DbdFbf72EBE07","","0x013bb8a204499523ddF717e0aBAA14E6dC849060","","0 BNB","$0.00","0.00020287"
"0x4e823376ad2162c483fc4c3b375371db60fa3147859cc88db13e12eb0c1bb65f","Success","Execute","47657387","2025-03-21 10:44:06","0x0d33cf20b0720FC92C74ec06647DbdFbf72EBE07","","0x013bb8a204499523ddF717e0aBAA14E6dC849060","","0 BNB","$0.00","0.00018656"
"0x4edd9c73f04a56b4129d9c5e005e1d41e014cbdc54cc261220d821c1fd8fb9d6","Success","Transfer","47657334","2025-03-21 10:41:27","0x0d33cf20b0720FC92C74ec06647DbdFbf72EBE07","","0xB0999731f7c2581844658A9d2ced1be0077b7397","","0.01 BNB","$6.34","0.000021"
"0x161e1232e55acc4d5f7da968d939354998b42619783854d664a88e2e834823aa","Success","Approve","47657333","2025-03-21 10:41:24","0x0d33cf20b0720FC92C74ec06647DbdFbf72EBE07","","0xf2da8B94FEdDea29b3CAcCd8e45d766a4157F8bB","","0 BNB","$0.00","0.00004653"
"0x0bf5a8806e7aed318e18953ba12448629481851f2febc88f8b3549dea46200ff","Success","Execute","47657332","2025-03-21 10:41:21","0x0d33cf20b0720FC92C74ec06647DbdFbf72EBE07","","0x013bb8a204499523ddF717e0aBAA14E6dC849060","","0.1 BNB","$63.39","0.00016738"
"0xa356b0b56b51dcb81789727d6692b75020104575a37712018b6e4eb63255ce68","Success","0x0da74935","47656938","2025-03-21 10:21:39","0x0d33cf20b0720FC92C74ec06647DbdFbf72EBE07","","0x5c952063c7fc8610FFDB798152D69F0B9550762b","","0 BNB","$0.00","0.0001494"
"0x5c31202bc6d46a6f2c8b567f515e1f8160fde9c8497a2e400b8fea3cb7e9079a","Success","Approve","47656883","2025-03-21 10:18:54","0x0d33cf20b0720FC92C74ec06647DbdFbf72EBE07","","0x4AECf5414E88441EC53d1d8C31E40A412a6AC558","","0 BNB","$0.00","0.00004659"
"0x1717ff4e4ee4dd4575c281f01c1c0666a50eb227dc6dde178afe0e09b384b8ca","Success","0xedf9e251","47656882","2025-03-21 10:18:51","0x0d33cf20b0720FC92C74ec06647DbdFbf72EBE07","","0x5c952063c7fc8610FFDB798152D69F0B9550762b","","0.1 BNB","$63.39","0.0001806"
"0xe97a1f7c51ced4c5c453e1f869ab33661cb406ceca893683ba2f52a283f04158","Success","Execute","47656851","2025-03-21 10:17:18","0x0d33cf20b0720FC92C74ec06647DbdFbf72EBE07","","0x013bb8a204499523ddF717e0aBAA14E6dC849060","","0 BNB","$0.00","0.00020307"
"0xabb162c4665591990cdd3a3efe73d45c9a25ccbffcebb34eed08b5ec44b35d65","Success","Execute","47656810","2025-03-21 10:15:15","0x0d33cf20b0720FC92C74ec06647DbdFbf72EBE07","","0x013bb8a204499523ddF717e0aBAA14E6dC849060","","0 BNB","$0.00","0.00020307"
"0xc11cdb20d020bdaefde7547f8d132406ea0d26c10b5ebe4386cbd2e9a91a6458","Success","Execute","47656699","2025-03-21 10:09:42","0x0d33cf20b0720FC92C74ec06647DbdFbf72EBE07","","0x013bb8a204499523ddF717e0aBAA14E6dC849060","","0 BNB","$0.00","0.00018016"
"0xbf3017e6a1b54884a8fbebe16ab474a00f702fb54c36e98dea7cc5923667385d","Success","Approve","47656680","2025-03-21 10:08:45","0x0d33cf20b0720FC92C74ec06647DbdFbf72EBE07","","0xf62E934EE0a82024a5d432cC03E9275357a16150","","0 BNB","$0.00","0.00004659"